CookerStat, GenerateAssetRegistry=0.024371, Initialize=0.149768, RunGuid=RunIDC49B69BF4ABE344F320CBE9BC80DD892
DDCTransactionIdEA881BA5407E3D438B1384B09F0BA030_0, PutCachedData=, CacheKey=PhysX_1D9C17C451EA4FB88CB7A27536A65DB0_PhysXPC_109B7E344685964ED183A3BEC715C73__A1A12161FD2D80F75CFD058328EEDE0C94E8C320, StartTime=2016.04.17-21.12.06, HierarchicalDDC=, DataSize=840, Duration=2.021987, RunGuid=RunIDC49B69BF4ABE344F320CBE9BC80DD892
SavePackageTransactionId3F2DC7384403B6F55FBBB98888892985_0, Filename=../../../../../../Users/Shane/Documents/GitHub/myUEProjects/EndlessRunner/Content/StarterContent/Architecture/Floor_400x400.uasset, AutoPackageBackupDelegate=1.079463, FlushAsyncLoading=0.006735, FlushStreamingFunc=0.068627, BlockTillAllRequestsFinished=0.041369, ResetLoadersForSaveUnMarkAllObjects=0.204924, TagPackageExports=0.031751, BeginCacheForCookedPlatformData=0.001281, SerializeImports=51.302315, GatherLocalizableTextData=0.357576, MarkNames=0.018280, SerializeSummary=0.090115, SerializeNames=0.121225, SerializeGatherableTextData=0.003204, BuildExportMap=0.049070, SortExportsNonSeekfree=0.022128, SortExportsSeekfreeConstructor=0.119619, SortExportsSeekfreeInner=2.226908, SortExportsSeekfree=0.015717, BuildDependencyMap=0.027899, SerializeImportMap=0.013791, SerializeExportMap=0.009943, SerializeDependencyMap=0.002887, SerializeStringAssetReferenceMap=0.003528, SaveThumbNailsAssetRegistryDataWorldLevelInfo=11.581920, SerializeExports=0.372648, SerializeBulkData=0.039764, MoveFile=1.696479, UnaccountedTime=1.848489, RunGuid=RunIDC49B69BF4ABE344F320CBE9BC80DD892
DDCTransactionIdED0C1C3B4A4488A792C3BB8D713ED52B_0, BuildTexture=, CacheKey=TEXTURE_814DCC3DC72143F49509781513CB9855_AutoDXT_704822B64E07281B97CD85AE308F54B1_07_0000803F0000803F0000803F000000000000803F00000000000000000000803F0000000000000000020000000E000000000000000101000000040000803FFFFFFFFF00000000FF00FF00FFFF8180803B, StartTime=2016.04.17-21.12.07, Duration=404.404816, RunGuid=RunIDC49B69BF4ABE344F320CBE9BC80DD892
DDCTransactionId59D24C054CCB5D342561C4B20987F018_0, PutCachedData=, CacheKey=TEXTURE_814DCC3DC72143F49509781513CB9855_AutoDXT_704822B64E07281B97CD85AE308F5__374A23A8D8F650C5E321968436051EAE25B123A1, StartTime=2016.04.17-21.12.08, HierarchicalDDC=, DataSize=1048841, Duration=10.115381, RunGuid=RunIDC49B69BF4ABE344F320CBE9BC80DD892
DDCTransactionId41BB6C29476D7E900F1A7F8D5A838163_0, PutCachedData=, CacheKey=TEXTURE_814DCC3DC72143F49509781513CB9855_AutoDXT_704822B64E07281B97CD85AE308F5__8295B2039BC8BB35126603933A168F0EB0C1EDC6, StartTime=2016.04.17-21.12.08, HierarchicalDDC=, DataSize=262407, Duration=8.838050, RunGuid=RunIDC49B69BF4ABE344F320CBE9BC80DD892
DDCTransactionIdEA881BA5407E3D438B1384B09F0BA030_1, PutCachedData=, CacheKey=TEXTURE_814DCC3DC72143F49509781513CB9855_AutoDXT_704822B64E07281B97CD85AE308F5__98A5A46A65B27FF825AB03E63388B6C0704CA746, StartTime=2016.04.17-21.12.08, HierarchicalDDC=, DataSize=65799, Duration=8.797642, RunGuid=RunIDC49B69BF4ABE344F320CBE9BC80DD892
DDCTransactionId41BB6C29476D7E900F1A7F8D5A838163_1, PutCachedData=, CacheKey=TEXTURE_814DCC3DC72143F49509781513CB9855_AutoDXT_704822B64E07281B97CD85AE308F5__9F7ABAB7FECA6BD8C83DD67A7A3B37158A50E03D, StartTime=2016.04.17-21.12.08, HierarchicalDDC=, DataSize=16647, Duration=1.142316, RunGuid=RunIDC49B69BF4ABE344F320CBE9BC80DD892
DDCTransactionIdEA881BA5407E3D438B1384B09F0BA030_2, PutCachedData=, CacheKey=TEXTURE_814DCC3DC72143F49509781513CB9855_AutoDXT_704822B64E07281B97CD85AE308F5__12C72EDCC38BAC9F9148804F8DA454B945814C29, StartTime=2016.04.17-21.12.08, HierarchicalDDC=, DataSize=7196, Duration=1.206458, RunGuid=RunIDC49B69BF4ABE344F320CBE9BC80DD892
DDCTransactionIdED0C1C3B4A4488A792C3BB8D713ED52B_1, BuildTexture=, CacheKey=TEXTURE_814DCC3DC72143F49509781513CB9855_AutoDXT_16A317334847B7C7B03BC187D7105222_07_0000803F0000803F0000803F000000000000803F00000000000000000000803F0000000000000000020000000E000000000000000101000000040000803FFFFFFFFF00000000FF00FF00FFFF8180803B, StartTime=2016.04.17-21.12.08, Duration=232.280762, RunGuid=RunIDC49B69BF4ABE344F320CBE9BC80DD892
DDCTransactionId59D24C054CCB5D342561C4B20987F018_1, PutCachedData=, CacheKey=TEXTURE_814DCC3DC72143F49509781513CB9855_AutoDXT_16A317334847B7C7B03BC187D7105__7740E21437EE5C697EBA2021B13A943B0C436F51, StartTime=2016.04.17-21.12.08, HierarchicalDDC=, DataSize=1048841, Duration=3.181301, RunGuid=RunIDC49B69BF4ABE344F320CBE9BC80DD892
DDCTransactionId41BB6C29476D7E900F1A7F8D5A838163_2, PutCachedData=, CacheKey=TEXTURE_814DCC3DC72143F49509781513CB9855_AutoDXT_16A317334847B7C7B03BC187D7105__95D938E4762BE3F8513401F59B022A892EA44AB2, StartTime=2016.04.17-21.12.08, HierarchicalDDC=, DataSize=262407, Duration=1.667619, RunGuid=RunIDC49B69BF4ABE344F320CBE9BC80DD892
DDCTransactionIdEA881BA5407E3D438B1384B09F0BA030_3, PutCachedData=, CacheKey=TEXTURE_814DCC3DC72143F49509781513CB9855_AutoDXT_16A317334847B7C7B03BC187D7105__8DBD496412C8D0E4CA849531EFB72D638F9CF99B, StartTime=2016.04.17-21.12.08, HierarchicalDDC=, DataSize=65799, Duration=1.618229, RunGuid=RunIDC49B69BF4ABE344F320CBE9BC80DD892
DDCTransactionId41BB6C29476D7E900F1A7F8D5A838163_3, PutCachedData=, CacheKey=TEXTURE_814DCC3DC72143F49509781513CB9855_AutoDXT_16A317334847B7C7B03BC187D7105__023EEF70C62A64787AFECA59500473465BBC9006, StartTime=2016.04.17-21.12.08, HierarchicalDDC=, DataSize=16647, Duration=1.311000, RunGuid=RunIDC49B69BF4ABE344F320CBE9BC80DD892
DDCTransactionIdEA881BA5407E3D438B1384B09F0BA030_4, PutCachedData=, CacheKey=TEXTURE_814DCC3DC72143F49509781513CB9855_AutoDXT_16A317334847B7C7B03BC187D7105__668082BB9C10B4ADEF2B11D1ACAE72B0538DB6D4, StartTime=2016.04.17-21.12.08, HierarchicalDDC=, DataSize=7196, Duration=1.216076, RunGuid=RunIDC49B69BF4ABE344F320CBE9BC80DD892
DDCTransactionIdED0C1C3B4A4488A792C3BB8D713ED52B_2, BuildTexture=, CacheKey=TEXTURE_814DCC3DC72143F49509781513CB9855_AutoDXT_7AE579164704BE34FDB17B86C7A4B022_07_0000803F0000803F0000803F000000000000803F00000000000000000000803F0000000000000000020000000E000000000000000101000000040000803FFFFFFFFF00000000FF00FF00FFFF8180803B, StartTime=2016.04.17-21.12.08, Duration=38.634197, RunGuid=RunIDC49B69BF4ABE344F320CBE9BC80DD892
DDCTransactionId59D24C054CCB5D342561C4B20987F018_2, PutCachedData=, CacheKey=TEXTURE_814DCC3DC72143F49509781513CB9855_AutoDXT_7AE579164704BE34FDB17B86C7A4B__FA1EDA667C22C731ACBACBE44BF6690827A6068D, StartTime=2016.04.17-21.12.08, HierarchicalDDC=, DataSize=262407, Duration=1.725662, RunGuid=RunIDC49B69BF4ABE344F320CBE9BC80DD892
DDCTransactionIdEA881BA5407E3D438B1384B09F0BA030_5, PutCachedData=, CacheKey=TEXTURE_814DCC3DC72143F49509781513CB9855_AutoDXT_7AE579164704BE34FDB17B86C7A4B__3BEE65FDB0375A3A9232764D2D60FBADD9FE828B, StartTime=2016.04.17-21.12.08, HierarchicalDDC=, DataSize=65799, Duration=1.425493, RunGuid=RunIDC49B69BF4ABE344F320CBE9BC80DD892
DDCTransactionId41BB6C29476D7E900F1A7F8D5A838163_4, PutCachedData=, CacheKey=TEXTURE_814DCC3DC72143F49509781513CB9855_AutoDXT_7AE579164704BE34FDB17B86C7A4B__4A4E9CC9B1D97372A6122E5708591D8A3D214905, StartTime=2016.04.17-21.12.08, HierarchicalDDC=, DataSize=16647, Duration=1.361351, RunGuid=RunIDC49B69BF4ABE344F320CBE9BC80DD892
DDCTransactionId41BB6C29476D7E900F1A7F8D5A838163_5, PutCachedData=, CacheKey=TEXTURE_814DCC3DC72143F49509781513CB9855_AutoDXT_7AE579164704BE34FDB17B86C7A4B__D9C346B728449BEB1F867F22715A22628BD5B319, StartTime=2016.04.17-21.12.08, HierarchicalDDC=, DataSize=6899, Duration=0.936750, RunGuid=RunIDC49B69BF4ABE344F320CBE9BC80DD892
DDCTransactionIdED0C1C3B4A4488A792C3BB8D713ED52B_3, BuildTexture=, CacheKey=TEXTURE_814DCC3DC72143F49509781513CB9855_AutoDXT_CA00D32B463E02C2DEB81C975D6C3609_07_0000803F0000803F0000803F000000000000803F00000000000000000000803F0000000000000000020000000E000000000000000101000000040000803FFFFFFFFF00000000FF00FF00FFFF8180803B, StartTime=2016.04.17-21.12.08, Duration=48.105942, RunGuid=RunIDC49B69BF4ABE344F320CBE9BC80DD892
DDCTransactionIdEA881BA5407E3D438B1384B09F0BA030_6, PutCachedData=, CacheKey=TEXTURE_814DCC3DC72143F49509781513CB9855_AutoDXT_CA00D32B463E02C2DEB81C975D6C3__4D87045FD8AB13D5474956DD4F920CDEAC3B1787, StartTime=2016.04.17-21.12.08, HierarchicalDDC=, DataSize=262407, Duration=1.983821, RunGuid=RunIDC49B69BF4ABE344F320CBE9BC80DD892
DDCTransactionId59D24C054CCB5D342561C4B20987F018_3, PutCachedData=, CacheKey=TEXTURE_814DCC3DC72143F49509781513CB9855_AutoDXT_CA00D32B463E02C2DEB81C975D6C3__4FBE731F710AFCDF5BC76C7EDD98B59562533EC3, StartTime=2016.04.17-21.12.08, HierarchicalDDC=, DataSize=65799, Duration=2.373789, RunGuid=RunIDC49B69BF4ABE344F320CBE9BC80DD892
DDCTransactionId41BB6C29476D7E900F1A7F8D5A838163_6, PutCachedData=, CacheKey=TEXTURE_814DCC3DC72143F49509781513CB9855_AutoDXT_CA00D32B463E02C2DEB81C975D6C3__E4EB4C1E678DF88AF5D72D151C15C0B751FA7BCC, StartTime=2016.04.17-21.12.08, HierarchicalDDC=, DataSize=16647, Duration=1.466859, RunGuid=RunIDC49B69BF4ABE344F320CBE9BC80DD892
DDCTransactionId41BB6C29476D7E900F1A7F8D5A838163_7, PutCachedData=, CacheKey=TEXTURE_814DCC3DC72143F49509781513CB9855_AutoDXT_CA00D32B463E02C2DEB81C975D6C3__B9B52EC9FA92B137D4C172F27CEA1AFCD4BCC9A1, StartTime=2016.04.17-21.12.08, HierarchicalDDC=, DataSize=6899, Duration=1.015324, RunGuid=RunIDC49B69BF4ABE344F320CBE9BC80DD892
DDCTransactionIdED0C1C3B4A4488A792C3BB8D713ED52B_4, BuildTexture=, CacheKey=TEXTURE_814DCC3DC72143F49509781513CB9855_AutoDXT_9C3C2F53469AC5DDB6E75B8DE1CCE0D0_07_0000803F0000803F0000803F000000000000803F00000000000000000000803F0000000000000000020000000E000000000000000101000000040000803FFFFFFFFF00000000FF00FF00FFFF8180803B, StartTime=2016.04.17-21.12.08, Duration=37.893707, RunGuid=RunIDC49B69BF4ABE344F320CBE9BC80DD892
DDCTransactionIdEA881BA5407E3D438B1384B09F0BA030_7, PutCachedData=, CacheKey=TEXTURE_814DCC3DC72143F49509781513CB9855_AutoDXT_9C3C2F53469AC5DDB6E75B8DE1CCE__7C37B825E2163470F90F151D5971AD12A7A0024D, StartTime=2016.04.17-21.12.08, HierarchicalDDC=, DataSize=262407, Duration=2.386935, RunGuid=RunIDC49B69BF4ABE344F320CBE9BC80DD892
DDCTransactionId59D24C054CCB5D342561C4B20987F018_4, PutCachedData=, CacheKey=TEXTURE_814DCC3DC72143F49509781513CB9855_AutoDXT_9C3C2F53469AC5DDB6E75B8DE1CCE__25CDB9FEA665E07CAF5666BEC232495EED6B754C, StartTime=2016.04.17-21.12.08, HierarchicalDDC=, DataSize=65799, Duration=1.995046, RunGuid=RunIDC49B69BF4ABE344F320CBE9BC80DD892
DDCTransactionId41BB6C29476D7E900F1A7F8D5A838163_8, PutCachedData=, CacheKey=TEXTURE_814DCC3DC72143F49509781513CB9855_AutoDXT_9C3C2F53469AC5DDB6E75B8DE1CCE__B662C4A874034C1AB2104627ED175B3CE6DDFC15, StartTime=2016.04.17-21.12.08, HierarchicalDDC=, DataSize=16647, Duration=1.643565, RunGuid=RunIDC49B69BF4ABE344F320CBE9BC80DD892
DDCTransactionIdED0C1C3B4A4488A792C3BB8D713ED52B_5, BuildTexture=, CacheKey=TEXTURE_814DCC3DC72143F49509781513CB9855_AutoDXT_E4D19E7948AE9BC67305C19762D632A4_07_0000803F0000803F0000803F000000000000803F00000000000000000000803F0000000000000000020000000E000000000000000101000000040000803FFFFFFFFF00000000FF00FF00FFFF8180803B, StartTime=2016.04.17-21.12.08, Duration=0.469498, RunGuid=RunIDC49B69BF4ABE344F320CBE9BC80DD892
DDCTransactionId41BB6C29476D7E900F1A7F8D5A838163_9, PutCachedData=, CacheKey=TEXTURE_814DCC3DC72143F49509781513CB9855_AutoDXT_9C3C2F53469AC5DDB6E75B8DE1CCE__2888E9705FCFDD9622245813BB36C7E81A4575E1, StartTime=2016.04.17-21.12.08, HierarchicalDDC=, DataSize=6899, Duration=0.953749, RunGuid=RunIDC49B69BF4ABE344F320CBE9BC80DD892
DDCTransactionId59D24C054CCB5D342561C4B20987F018_5, PutCachedData=, CacheKey=TEXTURE_814DCC3DC72143F49509781513CB9855_AutoDXT_E4D19E7948AE9BC67305C19762D63__EE1D8F8A388DA3F67FBA0A262F841D94EA8FC61E, StartTime=2016.04.17-21.12.08, HierarchicalDDC=, DataSize=6014, Duration=1.085233, RunGuid=RunIDC49B69BF4ABE344F320CBE9BC80DD892
DDCTransactionIdED0C1C3B4A4488A792C3BB8D713ED52B_6, BuildTexture=, CacheKey=TEXTURE_814DCC3DC72143F49509781513CB9855_DXT1_66AA220F49DB9085046B69A787A34E55_07_0000803F0000803F0000803F000000000000803F00000000000000000000803F0000000000000000020000000E000000000000000101000000040000803FFFFFFFFF00000000FF00FF00FFFF8180803B, StartTime=2016.04.17-21.12.08, Duration=122.169304, RunGuid=RunIDC49B69BF4ABE344F320CBE9BC80DD892
DDCTransactionIdEA881BA5407E3D438B1384B09F0BA030_8, PutCachedData=, CacheKey=TEXTURE_814DCC3DC72143F49509781513CB9855_DXT1_66AA220F49DB9085046B69A787A34E55__C151D7557EA23BC243BA13731EB671AF5F101161, StartTime=2016.04.17-21.12.08, HierarchicalDDC=, DataSize=524550, Duration=13.223238, RunGuid=RunIDC49B69BF4ABE344F320CBE9BC80DD892
DDCTransactionId41BB6C29476D7E900F1A7F8D5A838163_10, PutCachedData=, CacheKey=TEXTURE_814DCC3DC72143F49509781513CB9855_DXT1_66AA220F49DB9085046B69A787A34E55__27C078FE48487E590032780430A092ACF38BF777, StartTime=2016.04.17-21.12.08, HierarchicalDDC=, DataSize=131332, Duration=12.850273, RunGuid=RunIDC49B69BF4ABE344F320CBE9BC80DD892
DDCTransactionId59D24C054CCB5D342561C4B20987F018_6, PutCachedData=, CacheKey=TEXTURE_814DCC3DC72143F49509781513CB9855_DXT1_66AA220F49DB9085046B69A787A34E55__3C2A710E67B6A3FFA618EC13871F39CE4BFD000C, StartTime=2016.04.17-21.12.08, HierarchicalDDC=, DataSize=33028, Duration=13.214581, RunGuid=RunIDC49B69BF4ABE344F320CBE9BC80DD892
DDCTransactionIdED0C1C3B4A4488A792C3BB8D713ED52B_7, BuildTexture=, CacheKey=TEXTURE_814DCC3DC72143F49509781513CB9855_DXT1_597344FC44D79769F845E281B289E135_07_0000803F0000803F0000803F000000000000803F00000000000000000000803F0000000000000000020000000E000000000000000101000000040000803FFFFFFFFF00000000FF00FF00FFFF8180803B, StartTime=2016.04.17-21.12.08, Duration=89.748260, RunGuid=RunIDC49B69BF4ABE344F320CBE9BC80DD892
DDCTransactionId41BB6C29476D7E900F1A7F8D5A838163_11, PutCachedData=, CacheKey=TEXTURE_814DCC3DC72143F49509781513CB9855_DXT1_66AA220F49DB9085046B69A787A34E55__25A37B5ABB9EA29CA8986CFB62036FBCFC639346, StartTime=2016.04.17-21.12.08, HierarchicalDDC=, DataSize=8452, Duration=27.589121, RunGuid=RunIDC49B69BF4ABE344F320CBE9BC80DD892
DDCTransactionIdEA881BA5407E3D438B1384B09F0BA030_9, PutCachedData=, CacheKey=TEXTURE_814DCC3DC72143F49509781513CB9855_DXT1_66AA220F49DB9085046B69A787A34E55__AE8A3B4B3E796BFA1FA8FD4214372B5075081C92, StartTime=2016.04.17-21.12.08, HierarchicalDDC=, DataSize=4437, Duration=27.613815, RunGuid=RunIDC49B69BF4ABE344F320CBE9BC80DD892
DDCTransactionId59D24C054CCB5D342561C4B20987F018_7, PutCachedData=, CacheKey=TEXTURE_814DCC3DC72143F49509781513CB9855_DXT1_597344FC44D79769F845E281B289E135__AF14AC392BDAA9FEF99ACC6B018B370EB5D808A0, StartTime=2016.04.17-21.12.08, HierarchicalDDC=, DataSize=524550, Duration=146.647034, RunGuid=RunIDC49B69BF4ABE344F320CBE9BC80DD892
DDCTransactionId41BB6C29476D7E900F1A7F8D5A838163_12, PutCachedData=, CacheKey=TEXTURE_814DCC3DC72143F49509781513CB9855_DXT1_597344FC44D79769F845E281B289E135__CFE321F2C65EA324A8CA370DEE33CCA2D0F45F85, StartTime=2016.04.17-21.12.08, HierarchicalDDC=, DataSize=131332, Duration=130.743103, RunGuid=RunIDC49B69BF4ABE344F320CBE9BC80DD892
DDCTransactionIdEA881BA5407E3D438B1384B09F0BA030_10, PutCachedData=, CacheKey=TEXTURE_814DCC3DC72143F49509781513CB9855_DXT1_597344FC44D79769F845E281B289E135__F03B0C4B344783646E4B7E371655050F12E533D9, StartTime=2016.04.17-21.12.08, HierarchicalDDC=, DataSize=33028, Duration=215.125153, RunGuid=RunIDC49B69BF4ABE344F320CBE9BC80DD892
DDCTransactionIdED0C1C3B4A4488A792C3BB8D713ED52B_8, BuildTexture=, CacheKey=TEXTURE_814DCC3DC72143F49509781513CB9855_DXT1_C40B28CE458B56FE60A921BA5B88646E_07_0000803F0000803F0000803F000000000000803F00000000000000000000803F0000000000000000020000000E000000000000000101000000040000803FFFFFFFFF00000000FF00FF00FFFF8180803B, StartTime=2016.04.17-21.12.08, Duration=16.278509, RunGuid=RunIDC49B69BF4ABE344F320CBE9BC80DD892
DDCTransactionIdED0C1C3B4A4488A792C3BB8D713ED52B_9, BuildTexture=, CacheKey=TEXTURE_814DCC3DC72143F49509781513CB9855_DXT1_766D604645FA942EFF3489A8EA20A8F0_07_0000803F0000803F0000803F000000000000803F00000000000000000000803F0000000000000000020000000E000000000000000101000000040000803FFFFFFFFF00000000FF00FF00FFFF8180803B, StartTime=2016.04.17-21.12.08, Duration=13.106506, RunGuid=RunIDC49B69BF4ABE344F320CBE9BC80DD892
DDCTransactionIdED0C1C3B4A4488A792C3BB8D713ED52B_10, BuildTexture=, CacheKey=TEXTURE_814DCC3DC72143F49509781513CB9855_DXT1_12FC07B74E65B2819AAD43AB19BB60CC_07_0000803F0000803F0000803F000000000000803F00000000000000000000803F0000000000000000020000000E000000000000000101000000040000803FFFFFFFFF00000000FF00FF00FFFF8180803B, StartTime=2016.04.17-21.12.08, Duration=13.846993, RunGuid=RunIDC49B69BF4ABE344F320CBE9BC80DD892
DDCTransactionIdED0C1C3B4A4488A792C3BB8D713ED52B_11, BuildTexture=, CacheKey=TEXTURE_814DCC3DC72143F49509781513CB9855_DXT1_C14052FA4C333041CDF34B8B8F3451E9_07_0000803F0000803F0000803F000000000000803F00000000000000000000803F0000000000000000020000000E000000000000000101000000040000803FFFFFFFFF00000000FF00FF00FFFF8180803B, StartTime=2016.04.17-21.12.08, Duration=3.414124, RunGuid=RunIDC49B69BF4ABE344F320CBE9BC80DD892
DDCTransactionIdED0C1C3B4A4488A792C3BB8D713ED52B_12, BuildTexture=, CacheKey=TEXTURE_814DCC3DC72143F49509781513CB9855_AutoDXT_0749B11545CC1F751FD7B8924A30F937_07_0000803F0000803F0000803F000000000000803F00000000000000000000803F0000000000000000020000000E000000000000000101000000040000803FFFFFFFFF00000000FF00FF00FFFF8180803B, StartTime=2016.04.17-21.12.08, Duration=187.859619, RunGuid=RunIDC49B69BF4ABE344F320CBE9BC80DD892
DDCTransactionId41BB6C29476D7E900F1A7F8D5A838163_13, PutCachedData=, CacheKey=TEXTURE_814DCC3DC72143F49509781513CB9855_DXT1_597344FC44D79769F845E281B289E135__520110756D4B48377EB15ABF88A437DAFD377390, StartTime=2016.04.17-21.12.09, HierarchicalDDC=, DataSize=8452, Duration=84.920509, RunGuid=RunIDC49B69BF4ABE344F320CBE9BC80DD892
DDCTransactionId59D24C054CCB5D342561C4B20987F018_8, PutCachedData=, CacheKey=TEXTURE_814DCC3DC72143F49509781513CB9855_DXT1_597344FC44D79769F845E281B289E135__C9E98CB1E58AEBE6250269C1F5E1D716F5E679B5, StartTime=2016.04.17-21.12.09, HierarchicalDDC=, DataSize=4437, Duration=69.866737, RunGuid=RunIDC49B69BF4ABE344F320CBE9BC80DD892
DDCTransactionIdEA881BA5407E3D438B1384B09F0BA030_11, PutCachedData=, CacheKey=TEXTURE_814DCC3DC72143F49509781513CB9855_DXT1_C40B28CE458B56FE60A921BA5B88646E__56BDA0D33FAA6962A6144FE9863A64436484EB3E, StartTime=2016.04.17-21.12.09, HierarchicalDDC=, DataSize=131332, Duration=55.970676, RunGuid=RunIDC49B69BF4ABE344F320CBE9BC80DD892
DDCTransactionId41BB6C29476D7E900F1A7F8D5A838163_14, PutCachedData=, CacheKey=TEXTURE_814DCC3DC72143F49509781513CB9855_DXT1_C40B28CE458B56FE60A921BA5B88646E__A63A3D442D47629EFD22330080496F3D83716BF5, StartTime=2016.04.17-21.12.09, HierarchicalDDC=, DataSize=33028, Duration=55.002819, RunGuid=RunIDC49B69BF4ABE344F320CBE9BC80DD892
DDCTransactionId59D24C054CCB5D342561C4B20987F018_9, PutCachedData=, CacheKey=TEXTURE_814DCC3DC72143F49509781513CB9855_DXT1_C40B28CE458B56FE60A921BA5B88646E__45591E3979833F5D56E3DFA3F516A50E9893C0DE, StartTime=2016.04.17-21.12.09, HierarchicalDDC=, DataSize=8452, Duration=62.656857, RunGuid=RunIDC49B69BF4ABE344F320CBE9BC80DD892
DDCTransactionIdED0C1C3B4A4488A792C3BB8D713ED52B_13, BuildTexture=, CacheKey=TEXTURE_814DCC3DC72143F49509781513CB9855_AutoDXT_1B4DA0D540A3B6D2D6B2B1A5440C50B0_07_0000803F0000803F0000803F000000000000803F00000000000000000000803F0000000000000000020000000E000000000000000101000000040000803FFFFFFFFF00000000FF00FF00FFFF8180803B, StartTime=2016.04.17-21.12.09, Duration=96.363884, RunGuid=RunIDC49B69BF4ABE344F320CBE9BC80DD892
DDCTransactionId41BB6C29476D7E900F1A7F8D5A838163_15, PutCachedData=, CacheKey=TEXTURE_814DCC3DC72143F49509781513CB9855_DXT1_C40B28CE458B56FE60A921BA5B88646E__A36B09ED78DFC9F45644F8DC73841CF0C0C26467, StartTime=2016.04.17-21.12.09, HierarchicalDDC=, DataSize=4143, Duration=90.694633, RunGuid=RunIDC49B69BF4ABE344F320CBE9BC80DD892
DDCTransactionIdEA881BA5407E3D438B1384B09F0BA030_12, PutCachedData=, CacheKey=TEXTURE_814DCC3DC72143F49509781513CB9855_DXT1_766D604645FA942EFF3489A8EA20A8F0__6951B7A9AB7B63000D8BF0707EC7B34D3F025290, StartTime=2016.04.17-21.12.09, HierarchicalDDC=, DataSize=131332, Duration=89.892570, RunGuid=RunIDC49B69BF4ABE344F320CBE9BC80DD892
DDCTransactionId59D24C054CCB5D342561C4B20987F018_10, PutCachedData=, CacheKey=TEXTURE_814DCC3DC72143F49509781513CB9855_DXT1_766D604645FA942EFF3489A8EA20A8F0__EA8A391B90DEB09F9F0E5AE945ED5BB85F077D25, StartTime=2016.04.17-21.12.09, HierarchicalDDC=, DataSize=33028, Duration=100.757744, RunGuid=RunIDC49B69BF4ABE344F320CBE9BC80DD892
DDCTransactionIdED0C1C3B4A4488A792C3BB8D713ED52B_14, BuildTexture=, CacheKey=TEXTURE_814DCC3DC72143F49509781513CB9855_AutoDXT_3A784D85456CB436B4DB55B38B287DEC_07_0000803F0000803F0000803F000000000000803F00000000000000000000803F0000000000000000020000000E000000000000000101000000040000803FFFFFFFFF00000000FF00FF00FFFF8180803B, StartTime=2016.04.17-21.12.09, Duration=18.503815, RunGuid=RunIDC49B69BF4ABE344F320CBE9BC80DD892
DDCTransactionId41BB6C29476D7E900F1A7F8D5A838163_16, PutCachedData=, CacheKey=TEXTURE_814DCC3DC72143F49509781513CB9855_DXT1_766D604645FA942EFF3489A8EA20A8F0__B64902749CD939B6CE3A05341D9259C69BEB2910, StartTime=2016.04.17-21.12.09, HierarchicalDDC=, DataSize=8452, Duration=17.590475, RunGuid=RunIDC49B69BF4ABE344F320CBE9BC80DD892
DDCTransactionIdEA881BA5407E3D438B1384B09F0BA030_13, PutCachedData=, CacheKey=TEXTURE_814DCC3DC72143F49509781513CB9855_DXT1_766D604645FA942EFF3489A8EA20A8F0__CC1F321E1B8EA1C548DFE982CFFC80246588E720, StartTime=2016.04.17-21.12.09, HierarchicalDDC=, DataSize=4143, Duration=17.328783, RunGuid=RunIDC49B69BF4ABE344F320CBE9BC80DD892
DDCTransactionIdED0C1C3B4A4488A792C3BB8D713ED52B_15, BuildTexture=, CacheKey=TEXTURE_814DCC3DC72143F49509781513CB9855_AutoDXT_1A57F3584FF3A7512B1CDCA09F271717_07_0000803F0000803F0000803F000000000000803F00000000000000000000803F0000000000000000020000000E000000000000000101000000040000803FFFFFFFFF00000000FF00FF00FFFF8180803B, StartTime=2016.04.17-21.12.09, Duration=17.536917, RunGuid=RunIDC49B69BF4ABE344F320CBE9BC80DD892
DDCTransactionIdEA881BA5407E3D438B1384B09F0BA030_14, PutCachedData=, CacheKey=TEXTURE_814DCC3DC72143F49509781513CB9855_DXT1_12FC07B74E65B2819AAD43AB19BB60CC__25A89F6F7040F76E520A07015737C7354DD42918, StartTime=2016.04.17-21.12.09, HierarchicalDDC=, DataSize=131332, Duration=147.106262, RunGuid=RunIDC49B69BF4ABE344F320CBE9BC80DD892
DDCTransactionId41BB6C29476D7E900F1A7F8D5A838163_17, PutCachedData=, CacheKey=TEXTURE_814DCC3DC72143F49509781513CB9855_DXT1_12FC07B74E65B2819AAD43AB19BB60CC__235A9305464E2E77E95D819878C1D6B84D58ACD8, StartTime=2016.04.17-21.12.09, HierarchicalDDC=, DataSize=33028, Duration=63.605476, RunGuid=RunIDC49B69BF4ABE344F320CBE9BC80DD892
DDCTransactionId59D24C054CCB5D342561C4B20987F018_11, PutCachedData=, CacheKey=TEXTURE_814DCC3DC72143F49509781513CB9855_DXT1_12FC07B74E65B2819AAD43AB19BB60CC__B90E21BA5BEB4807B91A97FFB8EDCBE6B2FD6196, StartTime=2016.04.17-21.12.09, HierarchicalDDC=, DataSize=8452, Duration=147.545944, RunGuid=RunIDC49B69BF4ABE344F320CBE9BC80DD892
DDCTransactionIdED0C1C3B4A4488A792C3BB8D713ED52B_16, BuildTexture=, CacheKey=TEXTURE_814DCC3DC72143F49509781513CB9855_AutoDXT_6A31F0FD48925E0B9FB019A8D3CCFBF8_07_0000803F0000803F0000803F000000000000803F00000000000000000000803F0000000000000000020000000E000000000000000101000000040000803FFFFFFFFF00000000FF00FF00FFFF8180803B, StartTime=2016.04.17-21.12.09, Duration=18.723488, RunGuid=RunIDC49B69BF4ABE344F320CBE9BC80DD892
DDCTransactionIdED0C1C3B4A4488A792C3BB8D713ED52B_17, BuildTexture=, CacheKey=TEXTURE_814DCC3DC72143F49509781513CB9855_AutoDXT_104E96A44B7BE15657B040A1B36E0EE7_07_0000803F0000803F0000803F000000000000803F00000000000000000000803F0000000000000000020000000E000000000000000101000000040000803FFFFFFFFF00000000FF00FF00FFFF8180803B, StartTime=2016.04.17-21.12.09, Duration=1.626890, RunGuid=RunIDC49B69BF4ABE344F320CBE9BC80DD892
DDCTransactionIdED0C1C3B4A4488A792C3BB8D713ED52B_18, BuildTexture=, CacheKey=TEXTURE_814DCC3DC72143F49509781513CB9855_G8_A99CD7334F314A0686D57B9547A32DD7_07_0000803F0000803F0000803F000000000000803F00000000000000000000803F0000000000000000020000000E000000000000000101000000040000803FFFFFFFFF00000000FF00FF00FFFF8180803B, StartTime=2016.04.17-21.12.09, Duration=16.206030, RunGuid=RunIDC49B69BF4ABE344F320CBE9BC80DD892
DDCTransactionIdED0C1C3B4A4488A792C3BB8D713ED52B_19, BuildTexture=, CacheKey=TEXTURE_814DCC3DC72143F49509781513CB9855_G8_312B01124F3BCBD78AA5269E0ED7195A_07_0000803F0000803F0000803F000000000000803F00000000000000000000803F0000000000000000020000000E000000000000000101000000040000803FFFFFFFFF00000000FF00FF00FFFF8180803B, StartTime=2016.04.17-21.12.09, Duration=14.958523, RunGuid=RunIDC49B69BF4ABE344F320CBE9BC80DD892
DDCTransactionId41BB6C29476D7E900F1A7F8D5A838163_18, PutCachedData=, CacheKey=TEXTURE_814DCC3DC72143F49509781513CB9855_DXT1_12FC07B74E65B2819AAD43AB19BB60CC__44AA62AD99FBEF1BBC79E92D4871B71AABFEF671, StartTime=2016.04.17-21.12.09, HierarchicalDDC=, DataSize=4143, Duration=83.210243, RunGuid=RunIDC49B69BF4ABE344F320CBE9BC80DD892
DDCTransactionIdED0C1C3B4A4488A792C3BB8D713ED52B_20, BuildTexture=, CacheKey=TEXTURE_814DCC3DC72143F49509781513CB9855_G8_F336A9E547928187A2FE8DBA877873B1_07_0000803F0000803F0000803F000000000000803F00000000000000000000803F0000000000000000020000000E000000000000000101000000040000803FFFFFFFFF00000000FF00FF00FFFF8180803B, StartTime=2016.04.17-21.12.09, Duration=3.627066, RunGuid=RunIDC49B69BF4ABE344F320CBE9BC80DD892
DDCTransactionIdED0C1C3B4A4488A792C3BB8D713ED52B_21, BuildTexture=, CacheKey=TEXTURE_814DCC3DC72143F49509781513CB9855_G8_C1A9DAA94619853A29A6AEBA982298BA_07_0000803F0000803F0000803F000000000000803F00000000000000000000803F0000000000000000020000000E000000000000000101000000040000803FFFFFFFFF00000000FF00FF00FFFF8180803B, StartTime=2016.04.17-21.12.09, Duration=4.197266, RunGuid=RunIDC49B69BF4ABE344F320CBE9BC80DD892
DDCTransactionIdED0C1C3B4A4488A792C3BB8D713ED52B_22, BuildTexture=, CacheKey=TEXTURE_814DCC3DC72143F49509781513CB9855_G8_086A19C6464019057903DAAC839DE255_07_0000803F0000803F0000803F000000000000803F00000000000000000000803F0000000000000000020000000E000000000000000101000000040000803FFFFFFFFF00000000FF00FF00FFFF8180803B, StartTime=2016.04.17-21.12.09, Duration=3.684793, RunGuid=RunIDC49B69BF4ABE344F320CBE9BC80DD892
DDCTransactionIdED0C1C3B4A4488A792C3BB8D713ED52B_23, BuildTexture=, CacheKey=TEXTURE_814DCC3DC72143F49509781513CB9855_G8_E5889A3D48F327D75670FB9523E2CDB8_07_0000803F0000803F0000803F000000000000803F00000000000000000000803F0000000000000000020000000E000000000000000101000000040000803FFFFFFFFF00000000FF00FF00FFFF8180803B, StartTime=2016.04.17-21.12.09, Duration=0.244372, RunGuid=RunIDC49B69BF4ABE344F320CBE9BC80DD892
DDCTransactionId41BB6C29476D7E900F1A7F8D5A838163_19, PutCachedData=, CacheKey=TEXTURE_814DCC3DC72143F49509781513CB9855_DXT1_C14052FA4C333041CDF34B8B8F3451E9__CC53B0A07525180F4F96C9DEF2E4F09E29601FDE, StartTime=2016.04.17-21.12.09, HierarchicalDDC=, DataSize=3267, Duration=1.918077, RunGuid=RunIDC49B69BF4ABE344F320CBE9BC80DD892
DDCTransactionIdEA881BA5407E3D438B1384B09F0BA030_15, PutCachedData=, CacheKey=TEXTURE_814DCC3DC72143F49509781513CB9855_AutoDXT_0749B11545CC1F751FD7B8924A30F__DBFA32B960C8AC759D95E08F302756FEB2620B8E, StartTime=2016.04.17-21.12.09, HierarchicalDDC=, DataSize=524552, Duration=45.199158, RunGuid=RunIDC49B69BF4ABE344F320CBE9BC80DD892
DDCTransactionId59D24C054CCB5D342561C4B20987F018_12, PutCachedData=, CacheKey=TEXTURE_814DCC3DC72143F49509781513CB9855_AutoDXT_0749B11545CC1F751FD7B8924A30F__66CC7F42D0F3BC34AFBD91FE7BAA7CC7F24AB2E7, StartTime=2016.04.17-21.12.09, HierarchicalDDC=, DataSize=131335, Duration=43.607540, RunGuid=RunIDC49B69BF4ABE344F320CBE9BC80DD892
DDCTransactionId41BB6C29476D7E900F1A7F8D5A838163_20, PutCachedData=, CacheKey=TEXTURE_814DCC3DC72143F49509781513CB9855_AutoDXT_0749B11545CC1F751FD7B8924A30F__5FAB8408101F094110311E279097119D67E10334, StartTime=2016.04.17-21.12.09, HierarchicalDDC=, DataSize=33031, Duration=35.494904, RunGuid=RunIDC49B69BF4ABE344F320CBE9BC80DD892
DDCTransactionId41BB6C29476D7E900F1A7F8D5A838163_21, PutCachedData=, CacheKey=TEXTURE_814DCC3DC72143F49509781513CB9855_AutoDXT_0749B11545CC1F751FD7B8924A30F__F8F4CF0A74BD7C5606C74EA8F0EC4CAC691BF11A, StartTime=2016.04.17-21.12.09, HierarchicalDDC=, DataSize=8454, Duration=1.832131, RunGuid=RunIDC49B69BF4ABE344F320CBE9BC80DD892
DDCTransactionId59D24C054CCB5D342561C4B20987F018_13, PutCachedData=, CacheKey=TEXTURE_814DCC3DC72143F49509781513CB9855_AutoDXT_0749B11545CC1F751FD7B8924A30F__4688619069A77C9E38C7E628D828A33131BFB0E6, StartTime=2016.04.17-21.12.09, HierarchicalDDC=, DataSize=4474, Duration=2.983432, RunGuid=RunIDC49B69BF4ABE344F320CBE9BC80DD892
DDCTransactionIdEA881BA5407E3D438B1384B09F0BA030_16, PutCachedData=, CacheKey=TEXTURE_814DCC3DC72143F49509781513CB9855_AutoDXT_1B4DA0D540A3B6D2D6B2B1A5440C5__FDE160E9BA93EF294ADB9F5AB63ACEC19D852806, StartTime=2016.04.17-21.12.09, HierarchicalDDC=, DataSize=524552, Duration=4.497756, RunGuid=RunIDC49B69BF4ABE344F320CBE9BC80DD892
DDCTransactionId41BB6C29476D7E900F1A7F8D5A838163_22, PutCachedData=, CacheKey=TEXTURE_814DCC3DC72143F49509781513CB9855_AutoDXT_1B4DA0D540A3B6D2D6B2B1A5440C5__0EA8B89D83E9B9E9BA452FE26EF50A642B0FD2E8, StartTime=2016.04.17-21.12.09, HierarchicalDDC=, DataSize=131335, Duration=2.160206, RunGuid=RunIDC49B69BF4ABE344F320CBE9BC80DD892
DDCTransactionId59D24C054CCB5D342561C4B20987F018_14, PutCachedData=, CacheKey=TEXTURE_814DCC3DC72143F49509781513CB9855_AutoDXT_1B4DA0D540A3B6D2D6B2B1A5440C5__497BBEA58418E2BB76BAE7CABED70AB780FE2852, StartTime=2016.04.17-21.12.09, HierarchicalDDC=, DataSize=33031, Duration=2.242945, RunGuid=RunIDC49B69BF4ABE344F320CBE9BC80DD892
DDCTransactionId41BB6C29476D7E900F1A7F8D5A838163_23, PutCachedData=, CacheKey=TEXTURE_814DCC3DC72143F49509781513CB9855_AutoDXT_1B4DA0D540A3B6D2D6B2B1A5440C5__643341734084F6877EE465098C7A1208311ECB56, StartTime=2016.04.17-21.12.09, HierarchicalDDC=, DataSize=8454, Duration=33.419685, RunGuid=RunIDC49B69BF4ABE344F320CBE9BC80DD892
DDCTransactionId59D24C054CCB5D342561C4B20987F018_15, PutCachedData=, CacheKey=TEXTURE_814DCC3DC72143F49509781513CB9855_AutoDXT_1B4DA0D540A3B6D2D6B2B1A5440C5__54E8D4F324EAEE68785D601CCA2B6BFA23DAC3ED, StartTime=2016.04.17-21.12.09, HierarchicalDDC=, DataSize=4474, Duration=2.558831, RunGuid=RunIDC49B69BF4ABE344F320CBE9BC80DD892
DDCTransactionIdEA881BA5407E3D438B1384B09F0BA030_17, PutCachedData=, CacheKey=TEXTURE_814DCC3DC72143F49509781513CB9855_AutoDXT_3A784D85456CB436B4DB55B38B287__320A73CFAF82B63899C3EC61DF067BCEC8A28AB5, StartTime=2016.04.17-21.12.09, HierarchicalDDC=, DataSize=131335, Duration=12.127102, RunGuid=RunIDC49B69BF4ABE344F320CBE9BC80DD892
DDCTransactionId59D24C054CCB5D342561C4B20987F018_16, PutCachedData=, CacheKey=TEXTURE_814DCC3DC72143F49509781513CB9855_AutoDXT_3A784D85456CB436B4DB55B38B287__AA10D5C85B73F70BF5879A23F40F193825BF82AA, StartTime=2016.04.17-21.12.09, HierarchicalDDC=, DataSize=33031, Duration=2.654076, RunGuid=RunIDC49B69BF4ABE344F320CBE9BC80DD892
DDCTransactionId41BB6C29476D7E900F1A7F8D5A838163_24, PutCachedData=, CacheKey=TEXTURE_814DCC3DC72143F49509781513CB9855_AutoDXT_3A784D85456CB436B4DB55B38B287__180FD65D4DF65C884D2D27F211D129BE6858B1C4, StartTime=2016.04.17-21.12.09, HierarchicalDDC=, DataSize=8454, Duration=2.055015, RunGuid=RunIDC49B69BF4ABE344F320CBE9BC80DD892
DDCTransactionId41BB6C29476D7E900F1A7F8D5A838163_25, PutCachedData=, CacheKey=TEXTURE_814DCC3DC72143F49509781513CB9855_AutoDXT_3A784D85456CB436B4DB55B38B287__BE4B0B341613ADBADDCE1BE6BB3A1BE693176C00, StartTime=2016.04.17-21.12.09, HierarchicalDDC=, DataSize=4178, Duration=2.977338, RunGuid=RunIDC49B69BF4ABE344F320CBE9BC80DD892
DDCTransactionId59D24C054CCB5D342561C4B20987F018_17, PutCachedData=, CacheKey=TEXTURE_814DCC3DC72143F49509781513CB9855_AutoDXT_1A57F3584FF3A7512B1CDCA09F271__3D39D97D7C9F317DAAC17AC5FA4968381488FD86, StartTime=2016.04.17-21.12.09, HierarchicalDDC=, DataSize=131335, Duration=3.335875, RunGuid=RunIDC49B69BF4ABE344F320CBE9BC80DD892
DDCTransactionIdEA881BA5407E3D438B1384B09F0BA030_18, PutCachedData=, CacheKey=TEXTURE_814DCC3DC72143F49509781513CB9855_AutoDXT_1A57F3584FF3A7512B1CDCA09F271__F1699B078595686B6B31E8DE2E30C12B00CABE08, StartTime=2016.04.17-21.12.09, HierarchicalDDC=, DataSize=33031, Duration=20.578072, RunGuid=RunIDC49B69BF4ABE344F320CBE9BC80DD892
DDCTransactionId41BB6C29476D7E900F1A7F8D5A838163_26, PutCachedData=, CacheKey=TEXTURE_814DCC3DC72143F49509781513CB9855_AutoDXT_1A57F3584FF3A7512B1CDCA09F271__AD34313FFD43A888753AFAD25B727CE775F97FA8, StartTime=2016.04.17-21.12.09, HierarchicalDDC=, DataSize=8454, Duration=2.230439, RunGuid=RunIDC49B69BF4ABE344F320CBE9BC80DD892
DDCTransactionId59D24C054CCB5D342561C4B20987F018_18, PutCachedData=, CacheKey=TEXTURE_814DCC3DC72143F49509781513CB9855_AutoDXT_1A57F3584FF3A7512B1CDCA09F271__49AFE852A3781C4FDB12AB18DAFA436BD06D2FC3, StartTime=2016.04.17-21.12.09, HierarchicalDDC=, DataSize=4178, Duration=3.979832, RunGuid=RunIDC49B69BF4ABE344F320CBE9BC80DD892
DDCTransactionId41BB6C29476D7E900F1A7F8D5A838163_27, PutCachedData=, CacheKey=TEXTURE_814DCC3DC72143F49509781513CB9855_AutoDXT_6A31F0FD48925E0B9FB019A8D3CCF__706593310DC51F7A816C0F78E911AD8D53E4C6B6, StartTime=2016.04.17-21.12.09, HierarchicalDDC=, DataSize=131335, Duration=2.254490, RunGuid=RunIDC49B69BF4ABE344F320CBE9BC80DD892
DDCTransactionId59D24C054CCB5D342561C4B20987F018_19, PutCachedData=, CacheKey=TEXTURE_814DCC3DC72143F49509781513CB9855_AutoDXT_6A31F0FD48925E0B9FB019A8D3CCF__CCAC4A09F74D98DC92951DFBE3A6855C6EAA7B5C, StartTime=2016.04.17-21.12.09, HierarchicalDDC=, DataSize=33031, Duration=2.510086, RunGuid=RunIDC49B69BF4ABE344F320CBE9BC80DD892
DDCTransactionIdEA881BA5407E3D438B1384B09F0BA030_19, PutCachedData=, CacheKey=TEXTURE_814DCC3DC72143F49509781513CB9855_AutoDXT_6A31F0FD48925E0B9FB019A8D3CCF__28701DE7C0F79857C55BA1263446AD99239CD45B, StartTime=2016.04.17-21.12.09, HierarchicalDDC=, DataSize=8454, Duration=3.566455, RunGuid=RunIDC49B69BF4ABE344F320CBE9BC80DD892
DDCTransactionId41BB6C29476D7E900F1A7F8D5A838163_28, PutCachedData=, CacheKey=TEXTURE_814DCC3DC72143F49509781513CB9855_AutoDXT_6A31F0FD48925E0B9FB019A8D3CCF__25B4EE0FDBD67FD2D86FBA1B872AB46B879C3C9E, StartTime=2016.04.17-21.12.09, HierarchicalDDC=, DataSize=4178, Duration=1.776975, RunGuid=RunIDC49B69BF4ABE344F320CBE9BC80DD892
DDCTransactionId41BB6C29476D7E900F1A7F8D5A838163_29, PutCachedData=, CacheKey=TEXTURE_814DCC3DC72143F49509781513CB9855_AutoDXT_104E96A44B7BE15657B040A1B36E0__4089859D5CB729953A3B8A0580218E390EDF7C45, StartTime=2016.04.17-21.12.09, HierarchicalDDC=, DataSize=1910, Duration=1.916479, RunGuid=RunIDC49B69BF4ABE344F320CBE9BC80DD892
DDCTransactionId59D24C054CCB5D342561C4B20987F018_20, PutCachedData=, CacheKey=TEXTURE_814DCC3DC72143F49509781513CB9855_G8_A99CD7334F314A0686D57B9547A32DD7_0__BBE6450F05F711CCECC41FB01670BB8850C34A47, StartTime=2016.04.17-21.12.09, HierarchicalDDC=, DataSize=524547, Duration=2.683580, RunGuid=RunIDC49B69BF4ABE344F320CBE9BC80DD892
DDCTransactionIdEA881BA5407E3D438B1384B09F0BA030_20, PutCachedData=, CacheKey=TEXTURE_814DCC3DC72143F49509781513CB9855_G8_A99CD7334F314A0686D57B9547A32DD7_0__9E1667C2EA3CCE0000BE4761716AAE370788CF5D, StartTime=2016.04.17-21.12.09, HierarchicalDDC=, DataSize=131330, Duration=2.669789, RunGuid=RunIDC49B69BF4ABE344F320CBE9BC80DD892
DDCTransactionId41BB6C29476D7E900F1A7F8D5A838163_30, PutCachedData=, CacheKey=TEXTURE_814DCC3DC72143F49509781513CB9855_G8_A99CD7334F314A0686D57B9547A32DD7_0__7FD969D38AAC7A24CB4E88558C68FC73B9ECA0CF, StartTime=2016.04.17-21.12.09, HierarchicalDDC=, DataSize=33026, Duration=1.514968, RunGuid=RunIDC49B69BF4ABE344F320CBE9BC80DD892
DDCTransactionId59D24C054CCB5D342561C4B20987F018_21, PutCachedData=, CacheKey=TEXTURE_814DCC3DC72143F49509781513CB9855_G8_A99CD7334F314A0686D57B9547A32DD7_0__DB95BCFB5CDF8E3FC5AED0C9412FCE63348791FE, StartTime=2016.04.17-21.12.09, HierarchicalDDC=, DataSize=8449, Duration=14.145885, RunGuid=RunIDC49B69BF4ABE344F320CBE9BC80DD892
DDCTransactionId41BB6C29476D7E900F1A7F8D5A838163_31, PutCachedData=, CacheKey=TEXTURE_814DCC3DC72143F49509781513CB9855_G8_A99CD7334F314A0686D57B9547A32DD7_0__09C82E893305A8FDF9CD4DE08FDEFD5A594CF9FF, StartTime=2016.04.17-21.12.09, HierarchicalDDC=, DataSize=4410, Duration=12.572549, RunGuid=RunIDC49B69BF4ABE344F320CBE9BC80DD892
DDCTransactionIdEA881BA5407E3D438B1384B09F0BA030_21, PutCachedData=, CacheKey=TEXTURE_814DCC3DC72143F49509781513CB9855_G8_312B01124F3BCBD78AA5269E0ED7195A_0__3C7761495D7E68E3B0DE8D67A0EC19FA117F7786, StartTime=2016.04.17-21.12.09, HierarchicalDDC=, DataSize=524547, Duration=12.491733, RunGuid=RunIDC49B69BF4ABE344F320CBE9BC80DD892
DDCTransactionIdED0C1C3B4A4488A792C3BB8D713ED52B_24, BuildTexture=, CacheKey=TEXTURE_814DCC3DC72143F49509781513CB9855_AutoDXT_3D9DF5394695F7124FAF65908374C968_07_0000803F0000803F0000803F000000000000803F00000000000000000000803F00000000000000000200000001000300000000000101000000040000803FFFFFFFFF00000000FF00FF00FFFF8180803B, StartTime=2016.04.17-21.12.09, Duration=284.489380, RunGuid=RunIDC49B69BF4ABE344F320CBE9BC80DD892
DDCTransactionId41BB6C29476D7E900F1A7F8D5A838163_32, PutCachedData=, CacheKey=TEXTURE_814DCC3DC72143F49509781513CB9855_G8_312B01124F3BCBD78AA5269E0ED7195A_0__7379CDC876B6F5151EC477D0C03229CC7C12E45B, StartTime=2016.04.17-21.12.09, HierarchicalDDC=, DataSize=131330, Duration=2.207350, RunGuid=RunIDC49B69BF4ABE344F320CBE9BC80DD892
DDCTransactionId59D24C054CCB5D342561C4B20987F018_22, PutCachedData=, CacheKey=TEXTURE_814DCC3DC72143F49509781513CB9855_G8_312B01124F3BCBD78AA5269E0ED7195A_0__043583562ACE0DBAF09B92EDCC35CC9E100B9FAC, StartTime=2016.04.17-21.12.09, HierarchicalDDC=, DataSize=33026, Duration=3.516748, RunGuid=RunIDC49B69BF4ABE344F320CBE9BC80DD892
DDCTransactionIdEA881BA5407E3D438B1384B09F0BA030_22, PutCachedData=, CacheKey=TEXTURE_814DCC3DC72143F49509781513CB9855_G8_312B01124F3BCBD78AA5269E0ED7195A_0__A2100EE959868AC5268CEBD1BA0FDC4B4F48F9E0, StartTime=2016.04.17-21.12.09, HierarchicalDDC=, DataSize=8449, Duration=1.512077, RunGuid=RunIDC49B69BF4ABE344F320CBE9BC80DD892
DDCTransactionId41BB6C29476D7E900F1A7F8D5A838163_33, PutCachedData=, CacheKey=TEXTURE_814DCC3DC72143F49509781513CB9855_G8_312B01124F3BCBD78AA5269E0ED7195A_0__DBA0E3EC824F01E36BD362E3E9D9AE71C72C2499, StartTime=2016.04.17-21.12.09, HierarchicalDDC=, DataSize=4410, Duration=2.281427, RunGuid=RunIDC49B69BF4ABE344F320CBE9BC80DD892
DDCTransactionIdEA881BA5407E3D438B1384B09F0BA030_23, PutCachedData=, CacheKey=TEXTURE_814DCC3DC72143F49509781513CB9855_G8_F336A9E547928187A2FE8DBA877873B1_0__CC035280AFAA72C56A7C51F6755D3542777FE3F6, StartTime=2016.04.17-21.12.09, HierarchicalDDC=, DataSize=131330, Duration=2.124287, RunGuid=RunIDC49B69BF4ABE344F320CBE9BC80DD892
DDCTransactionId59D24C054CCB5D342561C4B20987F018_23, PutCachedData=, CacheKey=TEXTURE_814DCC3DC72143F49509781513CB9855_G8_F336A9E547928187A2FE8DBA877873B1_0__99D2737CF5920C3894A2689601C9DCBAF71E3C1C, StartTime=2016.04.17-21.12.09, HierarchicalDDC=, DataSize=33026, Duration=1.293685, RunGuid=RunIDC49B69BF4ABE344F320CBE9BC80DD892
DDCTransactionId41BB6C29476D7E900F1A7F8D5A838163_34, PutCachedData=, CacheKey=TEXTURE_814DCC3DC72143F49509781513CB9855_G8_F336A9E547928187A2FE8DBA877873B1_0__603B2C904FC2452D901C5FA8908325669187F1C2, StartTime=2016.04.17-21.12.09, HierarchicalDDC=, DataSize=8449, Duration=1.193307, RunGuid=RunIDC49B69BF4ABE344F320CBE9BC80DD892
DDCTransactionIdEA881BA5407E3D438B1384B09F0BA030_24, PutCachedData=, CacheKey=TEXTURE_814DCC3DC72143F49509781513CB9855_G8_F336A9E547928187A2FE8DBA877873B1_0__D5567F0B08369D683F87A90FAC858FFB4BE6C24B, StartTime=2016.04.17-21.12.09, HierarchicalDDC=, DataSize=4119, Duration=1.766711, RunGuid=RunIDC49B69BF4ABE344F320CBE9BC80DD892
DDCTransactionId59D24C054CCB5D342561C4B20987F018_24, PutCachedData=, CacheKey=TEXTURE_814DCC3DC72143F49509781513CB9855_G8_C1A9DAA94619853A29A6AEBA982298BA_0__16D2416FDF2B265E08FD4257B223ED31BEFDDA3A, StartTime=2016.04.17-21.12.09, HierarchicalDDC=, DataSize=131330, Duration=1.403686, RunGuid=RunIDC49B69BF4ABE344F320CBE9BC80DD892
DDCTransactionId41BB6C29476D7E900F1A7F8D5A838163_35, PutCachedData=, CacheKey=TEXTURE_814DCC3DC72143F49509781513CB9855_G8_C1A9DAA94619853A29A6AEBA982298BA_0__BA7B52CD69D5B51F7F154D3801814AD030ABF6A9, StartTime=2016.04.17-21.12.09, HierarchicalDDC=, DataSize=33026, Duration=1.052845, RunGuid=RunIDC49B69BF4ABE344F320CBE9BC80DD892
DDCTransactionIdEA881BA5407E3D438B1384B09F0BA030_25, PutCachedData=, CacheKey=TEXTURE_814DCC3DC72143F49509781513CB9855_G8_C1A9DAA94619853A29A6AEBA982298BA_0__6A5A260679981F4BFEACAB18EA13181139BC4491, StartTime=2016.04.17-21.12.09, HierarchicalDDC=, DataSize=8449, Duration=0.919756, RunGuid=RunIDC49B69BF4ABE344F320CBE9BC80DD892
DDCTransactionId41BB6C29476D7E900F1A7F8D5A838163_36, PutCachedData=, CacheKey=TEXTURE_814DCC3DC72143F49509781513CB9855_G8_C1A9DAA94619853A29A6AEBA982298BA_0__A450FA5F3DCDC72C86A7AF71130FEE2D49FAB8EA, StartTime=2016.04.17-21.12.09, HierarchicalDDC=, DataSize=4119, Duration=0.836697, RunGuid=RunIDC49B69BF4ABE344F320CBE9BC80DD892
DDCTransactionId59D24C054CCB5D342561C4B20987F018_25, PutCachedData=, CacheKey=TEXTURE_814DCC3DC72143F49509781513CB9855_G8_086A19C6464019057903DAAC839DE255_0__1B7FC6E30C80AAD75877CA24654DE8F52359C1AC, StartTime=2016.04.17-21.12.09, HierarchicalDDC=, DataSize=131330, Duration=2.046358, RunGuid=RunIDC49B69BF4ABE344F320CBE9BC80DD892
DDCTransactionIdEA881BA5407E3D438B1384B09F0BA030_26, PutCachedData=, CacheKey=TEXTURE_814DCC3DC72143F49509781513CB9855_G8_086A19C6464019057903DAAC839DE255_0__9BC81476E0848686B4E8BB282C90C046DFF60563, StartTime=2016.04.17-21.12.09, HierarchicalDDC=, DataSize=33026, Duration=1.627210, RunGuid=RunIDC49B69BF4ABE344F320CBE9BC80DD892
DDCTransactionId41BB6C29476D7E900F1A7F8D5A838163_37, PutCachedData=, CacheKey=TEXTURE_814DCC3DC72143F49509781513CB9855_G8_086A19C6464019057903DAAC839DE255_0__28452A3E7EBA0F049412149FDDD422E8E5FDD180, StartTime=2016.04.17-21.12.09, HierarchicalDDC=, DataSize=8449, Duration=1.527153, RunGuid=RunIDC49B69BF4ABE344F320CBE9BC80DD892
DDCTransactionIdEA881BA5407E3D438B1384B09F0BA030_27, PutCachedData=, CacheKey=TEXTURE_814DCC3DC72143F49509781513CB9855_G8_086A19C6464019057903DAAC839DE255_0__4380831E1E3608C0631C132C2B5D3BF7AC5473C0, StartTime=2016.04.17-21.12.09, HierarchicalDDC=, DataSize=4119, Duration=1.152899, RunGuid=RunIDC49B69BF4ABE344F320CBE9BC80DD892
DDCTransactionId59D24C054CCB5D342561C4B20987F018_26, PutCachedData=, CacheKey=TEXTURE_814DCC3DC72143F49509781513CB9855_G8_E5889A3D48F327D75670FB9523E2CDB8_0__B2FBD5B908F2428B63A3C1453EBCD6294266D3B5, StartTime=2016.04.17-21.12.09, HierarchicalDDC=, DataSize=3250, Duration=1.009230, RunGuid=RunIDC49B69BF4ABE344F320CBE9BC80DD892
DDCTransactionId41BB6C29476D7E900F1A7F8D5A838163_38, PutCachedData=, CacheKey=TEXTURE_814DCC3DC72143F49509781513CB9855_AutoDXT_3D9DF5394695F7124FAF65908374C__F79118E6F30CD645ED13CCACDE18506EDDF2AAA7, StartTime=2016.04.17-21.12.09, HierarchicalDDC=, DataSize=131335, Duration=1.431584, RunGuid=RunIDC49B69BF4ABE344F320CBE9BC80DD892
DDCTransactionIdEA881BA5407E3D438B1384B09F0BA030_28, PutCachedData=, CacheKey=TEXTURE_814DCC3DC72143F49509781513CB9855_AutoDXT_3D9DF5394695F7124FAF65908374C__D9BCE034B54501B31E1268E47E4A9A15D33D5424, StartTime=2016.04.17-21.12.09, HierarchicalDDC=, DataSize=33031, Duration=1.608927, RunGuid=RunIDC49B69BF4ABE344F320CBE9BC80DD892
DDCTransactionId59D24C054CCB5D342561C4B20987F018_27, PutCachedData=, CacheKey=TEXTURE_814DCC3DC72143F49509781513CB9855_AutoDXT_3D9DF5394695F7124FAF65908374C__8D74DBB4A0FC52B1E60DDF306B3B6D5AD8928B38, StartTime=2016.04.17-21.12.09, HierarchicalDDC=, DataSize=8455, Duration=2.258979, RunGuid=RunIDC49B69BF4ABE344F320CBE9BC80DD892
DDCTransactionId41BB6C29476D7E900F1A7F8D5A838163_39, PutCachedData=, CacheKey=TEXTURE_814DCC3DC72143F49509781513CB9855_AutoDXT_3D9DF5394695F7124FAF65908374C__1048758D1A9E930E3BE15FAD74367A7AD7306A1B, StartTime=2016.04.17-21.12.09, HierarchicalDDC=, DataSize=4155, Duration=0.839263, RunGuid=RunIDC49B69BF4ABE344F320CBE9BC80DD892
DDCTransactionIdED0C1C3B4A4488A792C3BB8D713ED52B_25, BuildTexture=, CacheKey=TEXTURE_814DCC3DC72143F49509781513CB9855_BC5_660726A047C2927550383F8D31513001_07_0000803F0000803F0000803F000000000000803F00000000000000000000803F00000000000000000200000001000000000000000100000000040000803FFFFFFFFF00000000FF00FF00FFFF8180803B, StartTime=2016.04.17-21.12.09, Duration=34.010406, RunGuid=RunIDC49B69BF4ABE344F320CBE9BC80DD892
DDCTransactionIdEA881BA5407E3D438B1384B09F0BA030_29, PutCachedData=, CacheKey=TEXTURE_814DCC3DC72143F49509781513CB9855_BC5_660726A047C2927550383F8D31513001___E4261310C6827BE0699E0E38E182C3B841FFD2EB, StartTime=2016.04.17-21.12.09, HierarchicalDDC=, DataSize=262403, Duration=2.964191, RunGuid=RunIDC49B69BF4ABE344F320CBE9BC80DD892
DDCTransactionId59D24C054CCB5D342561C4B20987F018_28, PutCachedData=, CacheKey=TEXTURE_814DCC3DC72143F49509781513CB9855_BC5_660726A047C2927550383F8D31513001___8840DF5883E6EC5500D3350FB12B05898FBAE0C5, StartTime=2016.04.17-21.12.09, HierarchicalDDC=, DataSize=65795, Duration=1.155145, RunGuid=RunIDC49B69BF4ABE344F320CBE9BC80DD892
DDCTransactionId41BB6C29476D7E900F1A7F8D5A838163_40, PutCachedData=, CacheKey=TEXTURE_814DCC3DC72143F49509781513CB9855_BC5_660726A047C2927550383F8D31513001___656A5593B9A79465290398ABD19F32BF841D32E1, StartTime=2016.04.17-21.12.09, HierarchicalDDC=, DataSize=16643, Duration=1.385082, RunGuid=RunIDC49B69BF4ABE344F320CBE9BC80DD892
DDCTransactionId59D24C054CCB5D342561C4B20987F018_29, PutCachedData=, CacheKey=TEXTURE_814DCC3DC72143F49509781513CB9855_BC5_660726A047C2927550383F8D31513001___CF70F1551B9B3BAA91EF94E1C1B6B6F013D72556, StartTime=2016.04.17-21.12.09, HierarchicalDDC=, DataSize=6882, Duration=1.678202, RunGuid=RunIDC49B69BF4ABE344F320CBE9BC80DD892
DDCTransactionIdED0C1C3B4A4488A792C3BB8D713ED52B_26, BuildTexture=, CacheKey=TEXTURE_814DCC3DC72143F49509781513CB9855_AutoDXT_C25F0AA4434FAD95C399DCB32877CF9E_07_0000803F0000803F0000803F000000000000803F00000000000000000000803F00000000000000000200000001000300000000000101000000040000803FFFFFFFFF00000000FF00FF00FFFF8180803B, StartTime=2016.04.17-21.12.09, Duration=223.955826, RunGuid=RunIDC49B69BF4ABE344F320CBE9BC80DD892
DDCTransactionId41BB6C29476D7E900F1A7F8D5A838163_41, PutCachedData=, CacheKey=TEXTURE_814DCC3DC72143F49509781513CB9855_AutoDXT_C25F0AA4434FAD95C399DCB32877C__F9C48EB226BBE8678412D2FA9F8F6414C0AF8240, StartTime=2016.04.17-21.12.10, HierarchicalDDC=, DataSize=131335, Duration=1.633946, RunGuid=RunIDC49B69BF4ABE344F320CBE9BC80DD892
DDCTransactionIdEA881BA5407E3D438B1384B09F0BA030_30, PutCachedData=, CacheKey=TEXTURE_814DCC3DC72143F49509781513CB9855_AutoDXT_C25F0AA4434FAD95C399DCB32877C__1EDF00FCB9562E717B43F900063C2EC891004D4F, StartTime=2016.04.17-21.12.10, HierarchicalDDC=, DataSize=33031, Duration=2.113383, RunGuid=RunIDC49B69BF4ABE344F320CBE9BC80DD892
DDCTransactionId59D24C054CCB5D342561C4B20987F018_30, PutCachedData=, CacheKey=TEXTURE_814DCC3DC72143F49509781513CB9855_AutoDXT_C25F0AA4434FAD95C399DCB32877C__280A88EACD9BCBBE505626E96B2A7B43B3526266, StartTime=2016.04.17-21.12.10, HierarchicalDDC=, DataSize=8455, Duration=1.961377, RunGuid=RunIDC49B69BF4ABE344F320CBE9BC80DD892
DDCTransactionId41BB6C29476D7E900F1A7F8D5A838163_42, PutCachedData=, CacheKey=TEXTURE_814DCC3DC72143F49509781513CB9855_AutoDXT_C25F0AA4434FAD95C399DCB32877C__3C5BFA81A17D8CFE09D86A05346BFF1F1568772B, StartTime=2016.04.17-21.12.10, HierarchicalDDC=, DataSize=4155, Duration=0.958558, RunGuid=RunIDC49B69BF4ABE344F320CBE9BC80DD892
DDCTransactionIdED0C1C3B4A4488A792C3BB8D713ED52B_27, BuildTexture=, CacheKey=TEXTURE_814DCC3DC72143F49509781513CB9855_BC5_DF45889644371608E2E167A00D0E9612_07_0000803F0000803F0000803F000000000000803F00000000000000000000803F00000000000000000200000001000000000000000100000000040000803FFFFFFFFF00000000FF00FF00FFFF8180803B, StartTime=2016.04.17-21.12.10, Duration=33.442455, RunGuid=RunIDC49B69BF4ABE344F320CBE9BC80DD892
DDCTransactionId59D24C054CCB5D342561C4B20987F018_31, PutCachedData=, CacheKey=TEXTURE_814DCC3DC72143F49509781513CB9855_BC5_DF45889644371608E2E167A00D0E9612___443B7C5B121406914003AD4942611D4E7AB0E6B6, StartTime=2016.04.17-21.12.10, HierarchicalDDC=, DataSize=262403, Duration=1.631700, RunGuid=RunIDC49B69BF4ABE344F320CBE9BC80DD892
DDCTransactionIdEA881BA5407E3D438B1384B09F0BA030_31, PutCachedData=, CacheKey=TEXTURE_814DCC3DC72143F49509781513CB9855_BC5_DF45889644371608E2E167A00D0E9612___B9B78E453C5A2D47BC10970C4EE4FB7BA7A1EFE0, StartTime=2016.04.17-21.12.10, HierarchicalDDC=, DataSize=65795, Duration=1.366485, RunGuid=RunIDC49B69BF4ABE344F320CBE9BC80DD892
DDCTransactionId41BB6C29476D7E900F1A7F8D5A838163_43, PutCachedData=, CacheKey=TEXTURE_814DCC3DC72143F49509781513CB9855_BC5_DF45889644371608E2E167A00D0E9612___EF451734771F1E7FD2C45DBFD0445135812CF3B5, StartTime=2016.04.17-21.12.10, HierarchicalDDC=, DataSize=16643, Duration=1.414269, RunGuid=RunIDC49B69BF4ABE344F320CBE9BC80DD892
DDCTransactionIdEA881BA5407E3D438B1384B09F0BA030_32, PutCachedData=, CacheKey=TEXTURE_814DCC3DC72143F49509781513CB9855_BC5_DF45889644371608E2E167A00D0E9612___DF2A58CA17E68A9DB2FAE8BE60FCFA7DA2120DF0, StartTime=2016.04.17-21.12.10, HierarchicalDDC=, DataSize=6882, Duration=1.029111, RunGuid=RunIDC49B69BF4ABE344F320CBE9BC80DD892
DDCTransactionIdED0C1C3B4A4488A792C3BB8D713ED52B_28, BuildTexture=, CacheKey=TEXTURE_814DCC3DC72143F49509781513CB9855_AutoDXT_175FFFF34B3800668E3E95AD8254F9FF_07_0000803F0000803F0000803F000000000000803F00000000000000000000803F00000000000000000200000001000000000000000101000000040000803FFFFFFFFF00000000FF00FF00FFFF8180803B, StartTime=2016.04.17-21.12.10, Duration=95.854301, RunGuid=RunIDC49B69BF4ABE344F320CBE9BC80DD892
DDCTransactionId41BB6C29476D7E900F1A7F8D5A838163_44, PutCachedData=, CacheKey=TEXTURE_814DCC3DC72143F49509781513CB9855_AutoDXT_175FFFF34B3800668E3E95AD8254F__07A88AF74FC1E73AB09610F8C968130817CECAC3, StartTime=2016.04.17-21.12.10, HierarchicalDDC=, DataSize=524553, Duration=2.017818, RunGuid=RunIDC49B69BF4ABE344F320CBE9BC80DD892
DDCTransactionId59D24C054CCB5D342561C4B20987F018_32, PutCachedData=, CacheKey=TEXTURE_814DCC3DC72143F49509781513CB9855_AutoDXT_175FFFF34B3800668E3E95AD8254F__36D14B777ED17E3D5FC75B48AED96537AE53896D, StartTime=2016.04.17-21.12.10, HierarchicalDDC=, DataSize=131335, Duration=2.122685, RunGuid=RunIDC49B69BF4ABE344F320CBE9BC80DD892
DDCTransactionIdEA881BA5407E3D438B1384B09F0BA030_33, PutCachedData=, CacheKey=TEXTURE_814DCC3DC72143F49509781513CB9855_AutoDXT_175FFFF34B3800668E3E95AD8254F__60DD8B40791EDDF0CEA9C6EA24FB368B50CCE7B2, StartTime=2016.04.17-21.12.10, HierarchicalDDC=, DataSize=33031, Duration=1.824114, RunGuid=RunIDC49B69BF4ABE344F320CBE9BC80DD892
DDCTransactionId41BB6C29476D7E900F1A7F8D5A838163_45, PutCachedData=, CacheKey=TEXTURE_814DCC3DC72143F49509781513CB9855_AutoDXT_175FFFF34B3800668E3E95AD8254F__54360FB6FDE14A1E68B0C73A350C5AF456C27A04, StartTime=2016.04.17-21.12.10, HierarchicalDDC=, DataSize=8455, Duration=0.873897, RunGuid=RunIDC49B69BF4ABE344F320CBE9BC80DD892
DDCTransactionIdEA881BA5407E3D438B1384B09F0BA030_34, PutCachedData=, CacheKey=TEXTURE_814DCC3DC72143F49509781513CB9855_AutoDXT_175FFFF34B3800668E3E95AD8254F__93E5E5D4F615EF636436CEFD35B5A384CC018943, StartTime=2016.04.17-21.12.10, HierarchicalDDC=, DataSize=4452, Duration=1.052845, RunGuid=RunIDC49B69BF4ABE344F320CBE9BC80DD892
DDCTransactionIdED0C1C3B4A4488A792C3BB8D713ED52B_29, BuildTexture=, CacheKey=TEXTURE_814DCC3DC72143F49509781513CB9855_BC5_550B17DD4E4B41095ADB0B9395D1461E_07_0000803F0000803F0000803F000000000000803F00000000000000000000803F00000000000000000200000001000000000000000100000000040000803FFFFFFFFF00000000FF00FF00FFFF8180803B, StartTime=2016.04.17-21.12.10, Duration=593.842285, RunGuid=RunIDC49B69BF4ABE344F320CBE9BC80DD892
DDCTransactionId59D24C054CCB5D342561C4B20987F018_33, PutCachedData=, CacheKey=TEXTURE_814DCC3DC72143F49509781513CB9855_BC5_550B17DD4E4B41095ADB0B9395D1461E___28D98B9BACB0D754935FE389E58534CB52AB6BFA, StartTime=2016.04.17-21.12.10, HierarchicalDDC=, DataSize=4194565, Duration=164.568787, RunGuid=RunIDC49B69BF4ABE344F320CBE9BC80DD892
DDCTransactionId41BB6C29476D7E900F1A7F8D5A838163_46, PutCachedData=, CacheKey=TEXTURE_814DCC3DC72143F49509781513CB9855_BC5_550B17DD4E4B41095ADB0B9395D1461E___9E48D523BD074D32C26379ECA6F407E7B68CFEF9, StartTime=2016.04.17-21.12.10, HierarchicalDDC=, DataSize=1048837, Duration=58.148842, RunGuid=RunIDC49B69BF4ABE344F320CBE9BC80DD892
DDCTransactionIdEA881BA5407E3D438B1384B09F0BA030_35, PutCachedData=, CacheKey=TEXTURE_814DCC3DC72143F49509781513CB9855_BC5_550B17DD4E4B41095ADB0B9395D1461E___E972E517DD60D95E1C46DFC4007337E93E155A8C, StartTime=2016.04.17-21.12.10, HierarchicalDDC=, DataSize=262403, Duration=100.370018, RunGuid=RunIDC49B69BF4ABE344F320CBE9BC80DD892
DDCTransactionIdED0C1C3B4A4488A792C3BB8D713ED52B_30, BuildTexture=, CacheKey=TEXTURE_814DCC3DC72143F49509781513CB9855_AutoDXT_49EBE4F9430B027F3639729C4CE028A7_07_0000803F0000803F0000803F000000000000803F00000000000000000000803F00000000000000000200000001000000000000000101000000040000803FFFFFFFFF00000000FF00FF00FFFF8180803B, StartTime=2016.04.17-21.12.11, Duration=57.432407, RunGuid=RunIDC49B69BF4ABE344F320CBE9BC80DD892
DDCTransactionId41BB6C29476D7E900F1A7F8D5A838163_47, PutCachedData=, CacheKey=TEXTURE_814DCC3DC72143F49509781513CB9855_BC5_550B17DD4E4B41095ADB0B9395D1461E___F6B3843AA2C3552BF9BB3A9EC0F3D6FD4CAACDF1, StartTime=2016.04.17-21.12.11, HierarchicalDDC=, DataSize=65795, Duration=44.253426, RunGuid=RunIDC49B69BF4ABE344F320CBE9BC80DD892
DDCTransactionIdEA881BA5407E3D438B1384B09F0BA030_36, PutCachedData=, CacheKey=TEXTURE_814DCC3DC72143F49509781513CB9855_BC5_550B17DD4E4B41095ADB0B9395D1461E___7C98BD541A8AEDBB90702D519DD62E0FECD22B3B, StartTime=2016.04.17-21.12.11, HierarchicalDDC=, DataSize=16643, Duration=104.452148, RunGuid=RunIDC49B69BF4ABE344F320CBE9BC80DD892
DDCTransactionId41BB6C29476D7E900F1A7F8D5A838163_48, PutCachedData=, CacheKey=TEXTURE_814DCC3DC72143F49509781513CB9855_BC5_550B17DD4E4B41095ADB0B9395D1461E___6773721C977F58677E206A77EB5EB90606B07256, StartTime=2016.04.17-21.12.11, HierarchicalDDC=, DataSize=7468, Duration=35.373684, RunGuid=RunIDC49B69BF4ABE344F320CBE9BC80DD892
DDCTransactionIdED0C1C3B4A4488A792C3BB8D713ED52B_31, BuildTexture=, CacheKey=TEXTURE_814DCC3DC72143F49509781513CB9855_BC5_9D79806F4FC0A8F037E5F6AFD2EE46E8_07_0000803F0000803F0000803F000000000000803F00000000000000000000803F00000000000000000200000001000000000000000100000000040000803FFFFFFFFF00000000FF00FF00FFFF8180803B, StartTime=2016.04.17-21.12.11, Duration=37.642284, RunGuid=RunIDC49B69BF4ABE344F320CBE9BC80DD892
DDCTransactionId41BB6C29476D7E900F1A7F8D5A838163_49, PutCachedData=, CacheKey=TEXTURE_814DCC3DC72143F49509781513CB9855_AutoDXT_49EBE4F9430B027F3639729C4CE02__4EE83C895828B45CA36D4968CBC323543A9A22B2, StartTime=2016.04.17-21.12.11, HierarchicalDDC=, DataSize=262407, Duration=36.450581, RunGuid=RunIDC49B69BF4ABE344F320CBE9BC80DD892
DDCTransactionId59D24C054CCB5D342561C4B20987F018_34, PutCachedData=, CacheKey=TEXTURE_814DCC3DC72143F49509781513CB9855_AutoDXT_49EBE4F9430B027F3639729C4CE02__349CA13B15B01E106858DDDD0E3E3396DA218D6D, StartTime=2016.04.17-21.12.11, HierarchicalDDC=, DataSize=65799, Duration=73.534851, RunGuid=RunIDC49B69BF4ABE344F320CBE9BC80DD892
DDCTransactionId41BB6C29476D7E900F1A7F8D5A838163_50, PutCachedData=, CacheKey=TEXTURE_814DCC3DC72143F49509781513CB9855_AutoDXT_49EBE4F9430B027F3639729C4CE02__AC9285A4DAFDC0716DEF13130A9B06B3FE11A1AD, StartTime=2016.04.17-21.12.11, HierarchicalDDC=, DataSize=16647, Duration=2.443701, RunGuid=RunIDC49B69BF4ABE344F320CBE9BC80DD892
DDCTransactionIdEA881BA5407E3D438B1384B09F0BA030_37, PutCachedData=, CacheKey=TEXTURE_814DCC3DC72143F49509781513CB9855_AutoDXT_49EBE4F9430B027F3639729C4CE02__6569745CA631A9E5DFDCBA9FC53A8671E25127CD, StartTime=2016.04.17-21.12.11, HierarchicalDDC=, DataSize=6899, Duration=2.033532, RunGuid=RunIDC49B69BF4ABE344F320CBE9BC80DD892
DDCTransactionIdEA881BA5407E3D438B1384B09F0BA030_38, PutCachedData=, CacheKey=TEXTURE_814DCC3DC72143F49509781513CB9855_BC5_9D79806F4FC0A8F037E5F6AFD2EE46E8___22817D37760A7F9C8F40F845F65CB9EC772EBB0F, StartTime=2016.04.17-21.12.11, HierarchicalDDC=, DataSize=262403, Duration=3.882341, RunGuid=RunIDC49B69BF4ABE344F320CBE9BC80DD892
DDCTransactionId41BB6C29476D7E900F1A7F8D5A838163_51, PutCachedData=, CacheKey=TEXTURE_814DCC3DC72143F49509781513CB9855_BC5_9D79806F4FC0A8F037E5F6AFD2EE46E8___4F34334FA6A9D9F791DB345AD97BBCBD69A1192B, StartTime=2016.04.17-21.12.11, HierarchicalDDC=, DataSize=65795, Duration=1.654789, RunGuid=RunIDC49B69BF4ABE344F320CBE9BC80DD892
DDCTransactionId59D24C054CCB5D342561C4B20987F018_35, PutCachedData=, CacheKey=TEXTURE_814DCC3DC72143F49509781513CB9855_BC5_9D79806F4FC0A8F037E5F6AFD2EE46E8___F709916AAEE2E75162D4B5C090FCD68C14DACFED, StartTime=2016.04.17-21.12.11, HierarchicalDDC=, DataSize=16643, Duration=1.609892, RunGuid=RunIDC49B69BF4ABE344F320CBE9BC80DD892
DDCTransactionId41BB6C29476D7E900F1A7F8D5A838163_52, PutCachedData=, CacheKey=TEXTURE_814DCC3DC72143F49509781513CB9855_BC5_9D79806F4FC0A8F037E5F6AFD2EE46E8___16038ABA287E49944BE289986A4BB06926AA464A, StartTime=2016.04.17-21.12.11, HierarchicalDDC=, DataSize=6882, Duration=1.520418, RunGuid=RunIDC49B69BF4ABE344F320CBE9BC80DD892
SavePackageTransactionId3F2DC7384403B6F55FBBB98888892985_1, Filename=../../../../../../Users/Shane/Documents/GitHub/myUEProjects/EndlessRunner/Content/ThirdPersonBP/Blueprints/BP_RunCharacter.uasset, AutoPackageBackupDelegate=0.099417, FlushAsyncLoading=0.003207, FlushStreamingFunc=0.102945, BlockTillAllRequestsFinished=0.005770, ResetLoadersForSaveUnMarkAllObjects=0.101019, TagPackageExports=8.195374, BeginCacheForCookedPlatformData=0.004172, SerializeImports=8.794435, GatherLocalizableTextData=8.253742, MarkNames=0.055801, SerializeSummary=0.013147, SerializeNames=0.289269, SerializeGatherableTextData=0.079531, BuildExportMap=0.228658, SortExportsNonSeekfree=2.442736, SortExportsSeekfreeConstructor=0.071194, SortExportsSeekfreeInner=18.764540, SortExportsSeekfree=0.006095, BuildDependencyMap=0.084661, SerializeImportMap=0.015713, SerializeExportMap=0.053875, SerializeDependencyMap=0.013147, SerializeStringAssetReferenceMap=0.001926, SaveThumbNailsAssetRegistryDataWorldLevelInfo=7.686432, SerializeExports=11.005308, SerializeBulkData=0.008982, MoveFile=0.626318, UnaccountedTime=0.721887, RunGuid=RunIDC49B69BF4ABE344F320CBE9BC80DD892
SavePackageTransactionId3F2DC7384403B6F55FBBB98888892985_2, Filename=../../../../../../Users/Shane/Documents/GitHub/myUEProjects/EndlessRunner/Content/ThirdPersonBP/Blueprints/ThirdPersonCharacter.uasset, AutoPackageBackupDelegate=0.921037, FlushAsyncLoading=0.004809, FlushStreamingFunc=0.093646, BlockTillAllRequestsFinished=0.014108, ResetLoadersForSaveUnMarkAllObjects=0.119299, TagPackageExports=0.012185, BeginCacheForCookedPlatformData=0.000961, SerializeImports=0.298247, GatherLocalizableTextData=0.013791, MarkNames=0.005454, SerializeSummary=0.008337, SerializeNames=0.016354, SerializeGatherableTextData=0.001285, BuildExportMap=0.015713, SortExportsNonSeekfree=0.009939, SortExportsSeekfreeConstructor=0.008341, SortExportsSeekfreeInner=7.648908, SortExportsSeekfree=0.004813, BuildDependencyMap=0.009939, SerializeImportMap=0.074401, SerializeExportMap=0.020526, SerializeDependencyMap=0.001285, SerializeStringAssetReferenceMap=0.001602, SaveThumbNailsAssetRegistryDataWorldLevelInfo=0.047784, SerializeExports=0.009619, SerializeBulkData=0.003207, MoveFile=0.623751, UnaccountedTime=0.576932, RunGuid=RunIDC49B69BF4ABE344F320CBE9BC80DD892
SavePackageTransactionId3F2DC7384403B6F55FBBB98888892985_3, Filename=../../../../../../Users/Shane/Documents/GitHub/myUEProjects/EndlessRunner/Saved/Autosaves/Game/ThirdPersonBP/Maps/ThirdPersonExampleMap_Auto1.umap, AutoPackageBackupDelegate=8.804374, FlushAsyncLoading=0.013471, FlushStreamingFunc=0.103906, BlockTillAllRequestsFinished=0.007696, ResetLoadersForSaveUnMarkAllObjects=53.064537, TagPackageExports=1.036488, BeginCacheForCookedPlatformData=0.002567, SerializeImports=1.997292, GatherLocalizableTextData=9.804945, MarkNames=0.053879, SerializeSummary=0.014111, SerializeNames=0.427805, SerializeGatherableTextData=0.027262, BuildExportMap=0.388682, SortExportsNonSeekfree=0.627279, SortExportsSeekfreeConstructor=0.052918, SortExportsSeekfreeInner=20.750605, SortExportsSeekfree=0.005454, BuildDependencyMap=0.099413, SerializeImportMap=0.050992, SerializeExportMap=0.037841, SerializeDependencyMap=0.010584, SerializeStringAssetReferenceMap=0.002563, SaveThumbNailsAssetRegistryDataWorldLevelInfo=1.072407, SerializeExports=3.903184, SerializeBulkData=165.959000, MoveFile=0.647482, UnaccountedTime=0.174459, RunGuid=RunIDC49B69BF4ABE344F320CBE9BC80DD892
SavePackageTransactionId3F2DC7384403B6F55FBBB98888892985_4, Filename=../../../../../../Users/Shane/Documents/GitHub/myUEProjects/EndlessRunner/Saved/Autosaves/Game/ThirdPersonBP/Blueprints/BP_RunCharacter_Auto1.uasset, AutoPackageBackupDelegate=1.127567, FlushAsyncLoading=0.004489, FlushStreamingFunc=0.025976, BlockTillAllRequestsFinished=0.003207, ResetLoadersForSaveUnMarkAllObjects=0.087228, TagPackageExports=7.086091, BeginCacheForCookedPlatformData=0.003207, SerializeImports=7.899054, GatherLocalizableTextData=9.990950, MarkNames=0.045538, SerializeSummary=0.012830, SerializeNames=0.249177, SerializeGatherableTextData=0.111282, BuildExportMap=0.204924, SortExportsNonSeekfree=1.391180, SortExportsSeekfreeConstructor=0.008337, SortExportsSeekfreeInner=16.881414, SortExportsSeekfree=0.005133, BuildDependencyMap=0.066061, SerializeImportMap=0.019886, SerializeExportMap=0.037201, SerializeDependencyMap=0.045218, SerializeStringAssetReferenceMap=0.002567, SaveThumbNailsAssetRegistryDataWorldLevelInfo=7.208273, SerializeExports=9.041049, SerializeBulkData=0.006415, MoveFile=0.640746, UnaccountedTime=0.178952, RunGuid=RunIDC49B69BF4ABE344F320CBE9BC80DD892
SavePackageTransactionId3F2DC7384403B6F55FBBB98888892985_5, Filename=../../../../../../Users/Shane/Documents/GitHub/myUEProjects/EndlessRunner/Saved/Autosaves/Game/ThirdPersonBP/Maps/ThirdPersonExampleMap_Auto2.umap, AutoPackageBackupDelegate=8.414410, FlushAsyncLoading=0.013787, FlushStreamingFunc=0.077289, BlockTillAllRequestsFinished=0.007376, ResetLoadersForSaveUnMarkAllObjects=53.333599, TagPackageExports=1.021095, BeginCacheForCookedPlatformData=0.002246, SerializeImports=1.959447, GatherLocalizableTextData=9.799816, MarkNames=0.087872, SerializeSummary=0.017319, SerializeNames=0.443202, SerializeGatherableTextData=0.030145, BuildExportMap=0.374250, SortExportsNonSeekfree=0.651333, SortExportsSeekfreeConstructor=0.059970, SortExportsSeekfreeInner=20.585447, SortExportsSeekfree=0.004169, BuildDependencyMap=0.092041, SerializeImportMap=0.051308, SerializeExportMap=0.037845, SerializeDependencyMap=0.010263, SerializeStringAssetReferenceMap=0.002246, SaveThumbNailsAssetRegistryDataWorldLevelInfo=1.031034, SerializeExports=3.937181, SerializeBulkData=165.468018, MoveFile=0.664480, UnaccountedTime=0.171572, RunGuid=RunIDC49B69BF4ABE344F320CBE9BC80DD892
SavePackageTransactionId3F2DC7384403B6F55FBBB98888892985_6, Filename=../../../../../../Users/Shane/Documents/GitHub/myUEProjects/EndlessRunner/Saved/Autosaves/Game/ThirdPersonBP/Blueprints/BP_RunCharacter_Auto2.uasset, AutoPackageBackupDelegate=1.178559, FlushAsyncLoading=0.004489, FlushStreamingFunc=0.026938, BlockTillAllRequestsFinished=0.003528, ResetLoadersForSaveUnMarkAllObjects=0.088193, TagPackageExports=9.638507, BeginCacheForCookedPlatformData=0.004489, SerializeImports=10.560825, GatherLocalizableTextData=12.231972, MarkNames=0.067346, SerializeSummary=0.014432, SerializeNames=0.304982, SerializeGatherableTextData=0.129238, BuildExportMap=0.249181, SortExportsNonSeekfree=2.155397, SortExportsSeekfreeConstructor=0.009939, SortExportsSeekfreeInner=20.042192, SortExportsSeekfree=0.005774, BuildDependencyMap=0.089474, SerializeImportMap=0.016034, SerializeExportMap=0.049710, SerializeDependencyMap=0.012185, SerializeStringAssetReferenceMap=0.002246, SaveThumbNailsAssetRegistryDataWorldLevelInfo=7.749606, SerializeExports=12.446195, SerializeBulkData=0.009302, MoveFile=0.668649, UnaccountedTime=0.184722, RunGuid=RunIDC49B69BF4ABE344F320CBE9BC80DD892
SavePackageTransactionId3F2DC7384403B6F55FBBB98888892985_7, Filename=../../../../../../Users/Shane/Documents/GitHub/myUEProjects/EndlessRunner/Content/ThirdPersonBP/Maps/ThirdPersonExampleMap.umap, AutoPackageBackupDelegate=8.285813, FlushAsyncLoading=0.013787, FlushStreamingFunc=0.101343, BlockTillAllRequestsFinished=0.005770, ResetLoadersForSaveUnMarkAllObjects=57.716866, TagPackageExports=1.946621, BeginCacheForCookedPlatformData=0.002246, SerializeImports=2.969962, GatherLocalizableTextData=11.101518, MarkNames=0.065744, SerializeSummary=0.014752, SerializeNames=0.484891, SerializeGatherableTextData=0.027578, BuildExportMap=0.398625, SortExportsNonSeekfree=0.858504, SortExportsSeekfreeConstructor=0.052594, SortExportsSeekfreeInner=22.875856, SortExportsSeekfree=0.005130, BuildDependencyMap=0.106473, SerializeImportMap=0.059009, SerializeExportMap=0.040088, SerializeDependencyMap=0.011865, SerializeStringAssetReferenceMap=0.002246, SaveThumbNailsAssetRegistryDataWorldLevelInfo=1.210626, SerializeExports=5.116697, SerializeBulkData=164.840729, MoveFile=2.253208, UnaccountedTime=0.704888, RunGuid=RunIDC49B69BF4ABE344F320CBE9BC80DD892
SavePackageTransactionId3F2DC7384403B6F55FBBB98888892985_8, Filename=../../../../../../Users/Shane/Documents/GitHub/myUEProjects/EndlessRunner/Content/ThirdPersonBP/Blueprints/BP_RunCharacter.uasset, AutoPackageBackupDelegate=1.246221, FlushAsyncLoading=0.004809, FlushStreamingFunc=0.039767, BlockTillAllRequestsFinished=0.004809, ResetLoadersForSaveUnMarkAllObjects=0.090118, TagPackageExports=10.271561, BeginCacheForCookedPlatformData=0.004489, SerializeImports=10.932192, GatherLocalizableTextData=12.383979, MarkNames=0.067990, SerializeSummary=0.015073, SerializeNames=0.292473, SerializeGatherableTextData=0.125393, BuildExportMap=0.250142, SortExportsNonSeekfree=2.159886, SortExportsSeekfreeConstructor=0.010904, SortExportsSeekfreeInner=20.801916, SortExportsSeekfree=0.007696, BuildDependencyMap=0.094604, SerializeImportMap=0.015073, SerializeExportMap=0.051308, SerializeDependencyMap=0.009943, SerializeStringAssetReferenceMap=0.001922, SaveThumbNailsAssetRegistryDataWorldLevelInfo=7.697977, SerializeExports=12.258909, SerializeBulkData=0.006095, MoveFile=1.191065, UnaccountedTime=0.764538, RunGuid=RunIDC49B69BF4ABE344F320CBE9BC80DD892
